diagnostics_Versions_PyRadiomics,diagnostics_Versions_Numpy,diagnostics_Versions_SimpleITK,diagnostics_Versions_PyWavelet,diagnostics_Versions_Python,diagnostics_Configuration_Settings,diagnostics_Configuration_EnabledImageTypes,diagnostics_Image-original_Hash,diagnostics_Image-original_Dimensionality,diagnostics_Image-original_Spacing,diagnostics_Image-original_Size,diagnostics_Image-original_Mean,diagnostics_Image-original_Minimum,diagnostics_Image-original_Maximum,diagnostics_Mask-original_Hash,diagnostics_Mask-original_Spacing,diagnostics_Mask-original_Size,diagnostics_Mask-original_BoundingBox,diagnostics_Mask-original_VoxelNum,diagnostics_Mask-original_VolumeNum,diagnostics_Mask-original_CenterOfMassIndex,diagnostics_Mask-original_CenterOfMass,original_shape_Elongation,original_shape_Flatness,original_shape_LeastAxisLength,original_shape_MajorAxisLength,original_shape_Maximum2DDiameterColumn,original_shape_Maximum2DDiameterRow,original_shape_Maximum2DDiameterSlice,original_shape_Maximum3DDiameter,original_shape_MeshVolume,original_shape_MinorAxisLength,original_shape_Sphericity,original_shape_SurfaceArea,original_shape_SurfaceVolumeRatio,original_shape_VoxelVolume,original_firstorder_10Percentile,original_firstorder_90Percentile,original_firstorder_Energy,original_firstorder_Entropy,original_firstorder_InterquartileRange,original_firstorder_Kurtosis,original_firstorder_Maximum,original_firstorder_MeanAbsoluteDeviation,original_firstorder_Mean,original_firstorder_Median,original_firstorder_Minimum,original_firstorder_Range,original_firstorder_RobustMeanAbsoluteDeviation,original_firstorder_RootMeanSquared,original_firstorder_Skewness,original_firstorder_TotalEnergy,original_firstorder_Uniformity,original_firstorder_Variance,original_glcm_Autocorrelation,original_glcm_ClusterProminence,original_glcm_ClusterShade,original_glcm_ClusterTendency,original_glcm_Contrast,original_glcm_Correlation,original_glcm_DifferenceAverage,original_glcm_DifferenceEntropy,original_glcm_DifferenceVariance,original_glcm_Id,original_glcm_Idm,original_glcm_Idmn,original_glcm_Idn,original_glcm_Imc1,original_glcm_Imc2,original_glcm_InverseVariance,original_glcm_JointAverage,original_glcm_JointEnergy,original_glcm_JointEntropy,original_glcm_MCC,original_glcm_MaximumProbability,original_glcm_SumAverage,original_glcm_SumEntropy,original_glcm_SumSquares,original_gldm_DependenceEntropy,original_gldm_DependenceNonUniformity,original_gldm_DependenceNonUniformityNormalized,original_gldm_DependenceVariance,original_gldm_GrayLevelNonUniformity,original_gldm_GrayLevelVariance,original_gldm_HighGrayLevelEmphasis,original_gldm_LargeDependenceEmphasis,original_gldm_LargeDependenceHighGrayLevelEmphasis,original_gldm_LargeDependenceLowGrayLevelEmphasis,original_gldm_LowGrayLevelEmphasis,original_gldm_SmallDependenceEmphasis,original_gldm_SmallDependenceHighGrayLevelEmphasis,original_gldm_SmallDependenceLowGrayLevelEmphasis,original_glrlm_GrayLevelNonUniformity,original_glrlm_GrayLevelNonUniformityNormalized,original_glrlm_GrayLevelVariance,original_glrlm_HighGrayLevelRunEmphasis,original_glrlm_LongRunEmphasis,original_glrlm_LongRunHighGrayLevelEmphasis,original_glrlm_LongRunLowGrayLevelEmphasis,original_glrlm_LowGrayLevelRunEmphasis,original_glrlm_RunEntropy,original_glrlm_RunLengthNonUniformity,original_glrlm_RunLengthNonUniformityNormalized,original_glrlm_RunPercentage,original_glrlm_RunVariance,original_glrlm_ShortRunEmphasis,original_glrlm_ShortRunHighGrayLevelEmphasis,original_glrlm_ShortRunLowGrayLevelEmphasis,original_glszm_GrayLevelNonUniformity,original_glszm_GrayLevelNonUniformityNormalized,original_glszm_GrayLevelVariance,original_glszm_HighGrayLevelZoneEmphasis,original_glszm_LargeAreaEmphasis,original_glszm_LargeAreaHighGrayLevelEmphasis,original_glszm_LargeAreaLowGrayLevelEmphasis,original_glszm_LowGrayLevelZoneEmphasis,original_glszm_SizeZoneNonUniformity,original_glszm_SizeZoneNonUniformityNormalized,original_glszm_SmallAreaEmphasis,original_glszm_SmallAreaHighGrayLevelEmphasis,original_glszm_SmallAreaLowGrayLevelEmphasis,original_glszm_ZoneEntropy,original_glszm_ZonePercentage,original_glszm_ZoneVariance,original_ngtdm_Busyness,original_ngtdm_Coarseness,original_ngtdm_Complexity,original_ngtdm_Contrast,original_ngtdm_Strength,CaseID,ImageType
v3.0.1,1.24.4,2.4.1,1.4.1,3.8.20,"{'minimumROIDimensions': 2, 'minimumROISize': None, 'normalize': False, 'normalizeScale': 1, 'removeOutliers': None, 'resampledPixelSpacing': None, 'interpolator': 'sitkBSpline', 'preCrop': False, 'padDistance': 5, 'distances': [1], 'force2D': False, 'force2Ddimension': 0, 'resegmentRange': None, 'label': 1, 'additionalInfo': True}",{'Original': {}},9b4f86d92dd499f5692a8f4601ee04a190ea3ab4,3D,"(1.0, 1.0, 1.0)","(240, 240, 155)",56.29191397849463,0.0,1252.0,b94ba21ffdfd1b3793a05f296c6b028c6722aba3,"(1.0, 1.0, 1.0)","(240, 240, 155)","(100, 89, 79, 40, 77, 38)",4514,97,"(116.58440407620735, 128.24833850243687, 97.8967656180771)","(116.58440407620735, -110.75166149756313, 97.8967656180771)",0.3323803674167271,0.17979012477577555,15.539236626169968,86.4298672997177,44.204072210600685,66.75327707311455,62.64982043070834,80.77747210701756,4015.5416666666665,28.727591048859136,0.23257490052796545,5253.120604289723,1.3081972596365512,4514.0,405.0,499.0,942134973.0,2.6650676193335245,44.0,15.788759592565341,567.0,30.469916072656545,454.6590607000443,460.0,83.0,484.0,18.83104959935984,456.85226814008576,-2.2876094350944904,942134973.0,0.20015394433779493,1999.1334280942326,251.2215980630431,668.2870028696206,-27.15999336575649,9.069686763704706,1.1213805248535895,0.77587531096256,0.7266007134329171,1.4988877105715273,0.5732340581273714,0.691732740484328,0.6745413099606191,0.9972339904709764,0.9662241266721185,-0.26783469695106954,0.8568542809946637,0.47148509996656823,15.787149882010748,0.06249691843535335,4.594014441376087,0.9124298159964896,0.1469483798222285,31.574299764021497,3.5423542888694968,2.5477668221395735,6.635205182726875,289.26849800620295,0.06408252060394394,19.587400710122736,903.4949047408064,3.2590403036955484,249.93132476739035,84.66947275143997,21188.150199379706,0.3536512020814279,0.0052334973772568,0.08518947011402012,18.833325680174944,0.0008440643453552487,638.2148384827802,0.19407314118806268,3.744725292180905,249.19246607287488,2.551108361994862,639.1378682680538,0.01225449995003297,0.005600387744899049,3.8600722512289107,1940.6083540608759,0.5827189661158938,0.7281789986708017,0.5948844049859763,0.7880675623839953,195.676759479005,0.004697911904602405,50.23114355231144,0.12221689428786238,10.232404496776597,218.8978102189781,2463.8540145985403,624447.8442822384,9.92683985112444,0.01087549918475732,126.17761557177616,0.30700149774154784,0.5724376588176417,117.1357599602726,0.00629718667335986,5.6757475019326495,0.09105006645990253,2343.2284203858608,0.832153601391842,0.002472942869226722,121.91248663562068,0.00884381269084195,1.0932426971537628,HGG_1,flair
v3.0.1,1.24.4,2.4.1,1.4.1,3.8.20,"{'minimumROIDimensions': 2, 'minimumROISize': None, 'normalize': False, 'normalizeScale': 1, 'removeOutliers': None, 'resampledPixelSpacing': None, 'interpolator': 'sitkBSpline', 'preCrop': False, 'padDistance': 5, 'distances': [1], 'force2D': False, 'force2Ddimension': 0, 'resegmentRange': None, 'label': 1, 'additionalInfo': True}",{'Original': {}},1fce9b587b39f38f5f609ab4d153be83835ad96b,3D,"(1.0, 1.0, 1.0)","(240, 240, 155)",88.85291005824372,0.0,1461.0,b94ba21ffdfd1b3793a05f296c6b028c6722aba3,"(1.0, 1.0, 1.0)","(240, 240, 155)","(100, 89, 79, 40, 77, 38)",4514,97,"(116.58440407620735, 128.24833850243687, 97.8967656180771)","(116.58440407620735, -110.75166149756313, 97.8967656180771)",0.3323803674167271,0.17979012477577555,15.539236626169968,86.4298672997177,44.204072210600685,66.75327707311455,62.64982043070834,80.77747210701756,4015.5416666666665,28.727591048859136,0.23257490052796545,5253.120604289723,1.3081972596365512,4514.0,410.0,520.0,967092393.0,2.843242839471093,52.0,3.4442004467064167,637.0,33.570682084133864,460.82299512627384,458.0,324.0,313.0,22.552561132264866,462.8637890780599,0.21548464981988238,967092393.0,0.16998295462018526,1885.0544025489348,45.86895384426853,347.5971758819732,4.28173026432383,10.550231375749085,1.0010365990712917,0.8268755952944767,0.6930165919591673,1.4455851925816439,0.5064803693933991,0.698790494140338,0.6838026960931862,0.9949909888518298,0.9550435886782365,-0.3152875165674678,0.9026867772500553,0.4770880583940462,6.5938968495287895,0.05956293701660069,4.696607296837443,0.8560581179384766,0.1413606415285903,13.187793699057579,3.7041475771988104,2.8878169937050946,6.662124906626967,311.2326096588392,0.06894829633558688,18.17995429568895,767.3030571555162,3.1143941194911946,51.43752769162605,85.12671688081524,3751.1065573770493,2.4652565054062774,0.026867264498246904,0.0744816443592476,5.1255509487406155,0.0018770707419896795,525.4696109918797,0.16074564526064244,3.3344422104327758,53.54474748112305,2.5454307345419704,123.58834859546472,0.07016032457869002,0.02624900875317681,4.033127818599345,1904.5526725438629,0.5770860877355279,0.7237653795030844,0.5927652775648045,0.7852393772216966,43.45932736459947,0.020147437153553164,51.53521126760563,0.1451696092045229,5.064026978774052,72.07323943661972,3395.2957746478874,144337.51830985915,88.95158082744811,0.02550934770840276,105.05633802816901,0.29593334655822257,0.5645641062890262,41.878042133263534,0.015121049000802737,5.561262919505251,0.07864421798848029,3233.612013489387,2.6176284974486084,0.003215755343778347,38.23986552430849,0.015349542350570481,0.27197751179416935,HGG_1,t1
v3.0.1,1.24.4,2.4.1,1.4.1,3.8.20,"{'minimumROIDimensions': 2, 'minimumROISize': None, 'normalize': False, 'normalizeScale': 1, 'removeOutliers': None, 'resampledPixelSpacing': None, 'interpolator': 'sitkBSpline', 'preCrop': False, 'padDistance': 5, 'distances': [1], 'force2D': False, 'force2Ddimension': 0, 'resegmentRange': None, 'label': 1, 'additionalInfo': True}",{'Original': {}},d6b7820203e75a9fffbf301bdb40f05aa19b7095,3D,"(1.0, 1.0, 1.0)","(240, 240, 155)",56.03815557795699,0.0,1674.0,b94ba21ffdfd1b3793a05f296c6b028c6722aba3,"(1.0, 1.0, 1.0)","(240, 240, 155)","(100, 89, 79, 40, 77, 38)",4514,97,"(116.58440407620735, 128.24833850243687, 97.8967656180771)","(116.58440407620735, -110.75166149756313, 97.8967656180771)",0.3323803674167271,0.17979012477577555,15.539236626169968,86.4298672997177,44.204072210600685,66.75327707311455,62.64982043070834,80.77747210701756,4015.5416666666665,28.727591048859136,0.23257490052796545,5253.120604289723,1.3081972596365512,4514.0,207.0,448.0,536865779.0,3.834394060043503,136.0,2.9065051541336633,861.0,74.53751367527087,332.7281789986708,337.0,130.0,731.0,55.5565717414822,344.86735296151136,0.17893789226262183,536865779.0,0.07708769585844187,8225.450038908146,66.07208722055671,3456.4855384569164,48.07146859494875,36.41354378007152,10.89430321656356,0.5400233798228801,2.454944972529422,2.88467392421905,4.799598181056026,0.4303194049632054,0.3540002907722272,0.9884481123850785,0.9283232979083345,-0.0942295644333593,0.6994046083575822,0.3336582136091497,7.725689363509897,0.009885530656790022,7.099651894636082,0.6887494006300929,0.03131736771562864,15.451378727019792,4.5449008872384065,11.826961749158768,6.51619533482941,713.1125387682765,0.1579779660541153,9.08939980750087,347.9738591050066,13.215488504331232,91.22108994240142,22.541426672574215,960.8657509968986,1.35438821494547,0.02908513658119395,0.29005383496640846,36.49489701596362,0.005671059941662203,314.47226859593013,0.07763730071873545,12.90673609489253,95.19450512655239,1.399245073093116,116.26780776690354,0.04722310589727212,0.027033223518739987,4.317090379411176,3350.7055425201474,0.8265160904744325,0.8973961351010531,0.1555255040758104,0.9266853873561188,90.7201873904832,0.02388697572828313,124.80990099009901,0.08238277293075842,12.94051171453779,126.05742574257425,88.09372937293729,3110.801320132013,5.476655354421939,0.020117996151990558,582.8389438943894,0.3847121741877158,0.6443281813277096,88.34690228881992,0.011571316154591027,5.815391985494416,0.3356225077536553,79.21608295483014,1.7945596661175123,0.0019284697874354774,608.3652829800892,0.06325635514517271,0.7473583455368396,HGG_1,t1ce
v3.0.1,1.24.4,2.4.1,1.4.1,3.8.20,"{'minimumROIDimensions': 2, 'minimumROISize': None, 'normalize': False, 'normalizeScale': 1, 'removeOutliers': None, 'resampledPixelSpacing': None, 'interpolator': 'sitkBSpline', 'preCrop': False, 'padDistance': 5, 'distances': [1], 'force2D': False, 'force2Ddimension': 0, 'resegmentRange': None, 'label': 1, 'additionalInfo': True}",{'Original': {}},af963815bdb83da4065029665a038fa438508f04,3D,"(1.0, 1.0, 1.0)","(240, 240, 155)",80.99395542114695,0.0,1478.0,b94ba21ffdfd1b3793a05f296c6b028c6722aba3,"(1.0, 1.0, 1.0)","(240, 240, 155)","(100, 89, 79, 40, 77, 38)",4514,97,"(116.58440407620735, 128.24833850243687, 97.8967656180771)","(116.58440407620735, -110.75166149756313, 97.8967656180771)",0.3323803674167271,0.17979012477577555,15.539236626169968,86.4298672997177,44.204072210600685,66.75327707311455,62.64982043070834,80.77747210701756,4015.5416666666665,28.727591048859136,0.23257490052796545,5253.120604289723,1.3081972596365512,4514.0,561.0,803.0,2100524180.0,3.9650986142823976,119.0,3.3403913320345207,1035.0,74.5012064077122,675.4373061586176,668.0,379.0,656.0,50.26579289971453,682.1549976733197,0.3159424500494958,2100524180.0,0.07718261053240753,9119.886299876582,195.69035726096823,7975.842337917439,128.72210172168246,51.24690699361838,5.258088865517061,0.8143389659216731,1.7088484378418025,2.3890166103620203,2.2603296780955455,0.4970191985377032,0.4345438095573209,0.9929941288370827,0.9429824014305197,-0.22969986362911407,0.9055212569208023,0.415149155082478,13.571118207873486,0.011969048130986898,6.948746572036247,0.8351726392973049,0.028367192975946646,27.142236415746957,4.848660379801114,14.126248964783857,6.971860931046705,585.4195835179441,0.12968976152369166,5.90729201858875,348.40230394328756,14.780071412740632,172.03411608329642,24.71067789100576,4319.198936641559,0.19372442087655048,0.010646749555957716,0.1682869579474582,24.60063636410963,0.0031326003238872618,298.4991314722191,0.07584811061507377,15.247192923295332,171.27416763811596,1.5005934892305897,259.5576277979041,0.015056138132277689,0.011033716004828333,4.599811264493019,3061.27359370263,0.7762183057782112,0.871681265123888,0.17855670972382967,0.9023519042117623,153.8760590895656,0.010247889481777765,59.44522144522144,0.06928347487788047,19.397271531886915,140.1153846153846,185.66899766899766,33130.21445221445,1.2638348867419182,0.01944844118295666,227.62470862470863,0.2652968631989611,0.5273963405995437,66.866333800953,0.012607884512925532,6.5498084178165445,0.19007532122286222,157.9901163327737,0.8214610147922263,0.0032222296374627246,299.40868955345934,0.041039002979075305,0.9522340307668471,HGG_1,t2
v3.0.1,1.24.4,2.4.1,1.4.1,3.8.20,"{'minimumROIDimensions': 2, 'minimumROISize': None, 'normalize': False, 'normalizeScale': 1, 'removeOutliers': None, 'resampledPixelSpacing': None, 'interpolator': 'sitkBSpline', 'preCrop': False, 'padDistance': 5, 'distances': [1], 'force2D': False, 'force2Ddimension': 0, 'resegmentRange': None, 'label': 1, 'additionalInfo': True}",{'Original': {}},270e2b427c9f9757578bd1eba676843466e92412,3D,"(1.0, 1.0, 1.0)","(240, 240, 155)",24.443012880824373,0.0,422.0,67bfe92eed351b524dbe3ce9976b625ce4b5d391,"(1.0, 1.0, 1.0)","(240, 240, 155)","(55, 104, 40, 40, 44, 41)",10430,83,"(72.28274209012464, 125.91879194630873, 56.91591562799616)","(72.28274209012464, -113.08120805369127, 56.91591562799616)",0.9010504862555435,0.5167008900744385,18.348919627625524,35.5116857355947,43.08131845707603,45.34313619501854,43.41658669218482,50.33885179461288,10210.208333333334,31.997821699811656,0.3242899475396682,7018.436481991044,0.6873940523895001,10430.0,191.0,231.0,464066816.0,1.5015447029603686,22.0,13.432894458032084,252.0,12.711582030226621,210.27900287631832,210.0,37.0,215.0,9.07358299453351,210.9347356500091,-1.3425960159005768,464066816.0,0.4064595362040136,276.20365308052857,64.14431443108171,9.760827409626327,-0.42666591513504926,1.625214426624766,0.20751591422045773,0.7730016707243765,0.1948382998432082,0.7153392340063331,0.1674723671694081,0.9040394116444082,0.9036989589590815,0.9979661342592778,0.9823719332948091,-0.44675824401105485,0.8474484426005287,0.18888770370100524,7.986854521646937,0.29123671928672507,2.26693357381536,0.7967775311416089,0.4760244520287834,15.973709043293875,2.0578442957766905,0.45818258521130595,6.000101241261472,487.2352828379674,0.04671479221840531,46.05711928769526,4239.372962607862,0.5298572136390254,63.65234899328859,354.1790987535954,22870.73058485139,5.627064248781967,0.016786319421948675,0.020028384367373205,1.1048624432788077,0.0007465456450833653,1409.7510196314356,0.37184713074297365,0.719571959754194,62.46370799544433,15.07313595219095,972.7295120397732,0.24123164669975936,0.018244952472254782,4.178733264615657,946.7773641204593,0.24368604886830078,0.3633306291024411,6.659064666298079,0.4894822051666604,29.93678001181091,0.009957622731672545,39.62765957446808,0.21078542326844726,3.383516296966953,53.3563829787234,221115.89361702127,14088129.159574468,3518.2106447080905,0.04412984204714194,66.42553191489361,0.3533272974196469,0.6171906240981792,30.743618343090887,0.031138488696068393,4.603721216262004,0.018024928092042185,218038.00486645545,5.920966277015515,0.0013829772148673536,11.105946371936112,0.0022344938936872502,0.1491186844048439,HGG_2,flair
v3.0.1,1.24.4,2.4.1,1.4.1,3.8.20,"{'minimumROIDimensions': 2, 'minimumROISize': None, 'normalize': False, 'normalizeScale': 1, 'removeOutliers': None, 'resampledPixelSpacing': None, 'interpolator': 'sitkBSpline', 'preCrop': False, 'padDistance': 5, 'distances': [1], 'force2D': False, 'force2Ddimension': 0, 'resegmentRange': None, 'label': 1, 'additionalInfo': True}",{'Original': {}},f29568f3fa29c94e80c5f0c537303342a569a3dd,3D,"(1.0, 1.0, 1.0)","(240, 240, 155)",33.28701086469534,0.0,540.0,67bfe92eed351b524dbe3ce9976b625ce4b5d391,"(1.0, 1.0, 1.0)","(240, 240, 155)","(55, 104, 40, 40, 44, 41)",10430,83,"(72.28274209012464, 125.91879194630873, 56.91591562799616)","(72.28274209012464, -113.08120805369127, 56.91591562799616)",0.9010504862555435,0.5167008900744385,18.348919627625524,35.5116857355947,43.08131845707603,45.34313619501854,43.41658669218482,50.33885179461288,10210.208333333334,31.997821699811656,0.3242899475396682,7018.436481991044,0.6873940523895001,10430.0,263.0,337.0,949932055.0,2.267384904695971,42.0,7.657680062626287,404.0,23.462556347434244,300.34141898370086,300.0,0.0,404.0,17.447529176252576,301.7894942662396,-0.5720748800729625,949932055.0,0.23479620792959313,871.930892329726,160.55436987629326,76.11478878176204,-0.3169169794492298,4.92831081377266,0.4939209720972212,0.8178269441109437,0.40329214569382976,1.0673347440814778,0.3249478494564514,0.8082220661102488,0.8056117929048203,0.9983288682201995,0.9778297111041039,-0.39489499548789914,0.9041927505236645,0.3610176162400546,12.627177319148302,0.11296113808535435,3.5655258123501863,0.8606518782019738,0.18795747535370833,25.254354638296604,3.0722890266837117,1.3555579464674699,6.729501243747526,482.1000958772771,0.046222444475290225,34.976126797009506,2448.9244487056567,1.485703631662115,158.57094918504313,225.1463087248322,35650.919942473636,1.4682911396457667,0.0068675819087547114,0.026073272657172138,3.5448978275153107,0.0005192759125612178,1212.6158788200523,0.22872989643156347,1.713716256153492,158.13877871336837,6.54662417128146,1037.8791418052197,0.0433377358788181,0.007247378874854712,4.2884973694837125,1926.170251244182,0.35384035275932957,0.5080684416254887,2.3258346744307317,0.6010100483857905,94.44664727838492,0.004663736190450361,36.411764705882355,0.15299060800790903,5.986529906080079,127.6344537815126,92852.86554621848,14800730.222689075,593.8506680698789,0.022452422521736282,67.01680672268908,0.2815832215239037,0.5439007645427978,63.61430832123225,0.018505676075060633,5.271096692217871,0.022818791946308724,90932.36381611467,2.3592283965756087,0.0013944105932019333,44.423655253210725,0.0038907072122769185,0.3252694305236813,HGG_2,t1
v3.0.1,1.24.4,2.4.1,1.4.1,3.8.20,"{'minimumROIDimensions': 2, 'minimumROISize': None, 'normalize': False, 'normalizeScale': 1, 'removeOutliers': None, 'resampledPixelSpacing': None, 'interpolator': 'sitkBSpline', 'preCrop': False, 'padDistance': 5, 'distances': [1], 'force2D': False, 'force2Ddimension': 0, 'resegmentRange': None, 'label': 1, 'additionalInfo': True}",{'Original': {}},3bdee2112c7895cd6ec7f5a8f0d18023aa51ba6a,3D,"(1.0, 1.0, 1.0)","(240, 240, 155)",6.92573039874552,0.0,279.0,67bfe92eed351b524dbe3ce9976b625ce4b5d391,"(1.0, 1.0, 1.0)","(240, 240, 155)","(55, 104, 40, 40, 44, 41)",10430,83,"(72.28274209012464, 125.91879194630873, 56.91591562799616)","(72.28274209012464, -113.08120805369127, 56.91591562799616)",0.9010504862555435,0.5167008900744385,18.348919627625524,35.5116857355947,43.08131845707603,45.34313619501854,43.41658669218482,50.33885179461288,10210.208333333334,31.997821699811656,0.3242899475396682,7018.436481991044,0.6873940523895001,10430.0,36.0,60.0,24247965.0,1.0251830707239769,13.0,3.916865618338587,101.0,7.5574121776092085,47.25723873441994,46.0,1.0,100.0,5.460584431506354,48.21647912343251,0.6903391809160747,24247965.0,0.5284078396909866,91.5822462584421,5.303917830327762,0.9827646338295288,0.4545569670464908,0.6003726400303894,0.2518356104659421,0.4079419509788694,0.24804243283382318,0.8181543736911312,0.18956889479261124,0.8766109798551083,0.8763581013463004,0.9903441994194698,0.9587499082808418,-0.13304090204427724,0.45215375435210264,0.24472340240571916,2.2840166462031672,0.4100978190611097,1.6752626573745688,0.4103913009559116,0.5972905276510866,4.568033292406334,1.4132522159800749,0.21305206262408286,5.160399583437179,542.5603068072867,0.0520192048712643,60.65376275567657,5511.293767976989,0.2558359570124163,5.881783317353787,330.1171620325983,1537.201054650048,76.51737693086184,0.20014299030574195,0.026912655623689073,0.24264627417340356,0.004406291843473427,2074.116681961877,0.4888279299029564,0.29085338581098436,7.111775335429474,13.798669713945701,65.25310888355719,3.176677320413073,0.16939346401746255,3.2167585278900863,1488.2881608498815,0.34651687812937737,0.40710229367947487,7.5200773020788425,0.6079923628709476,4.779002384203935,0.09251696695369557,73.63478260869566,0.32015122873345936,0.7338563327032136,9.552173913043479,236160.59130434782,1212037.552173913,51612.721580917874,0.17176207729468598,94.22608695652174,0.4096786389413989,0.6641656636479145,6.763916581479976,0.10933216205517751,3.528431784056752,0.02205177372962608,234104.16597353498,89.7009296609094,0.0007743425150240961,3.114370217762174,0.006850222080315327,0.009490159002901845,HGG_2,t1ce
v3.0.1,1.24.4,2.4.1,1.4.1,3.8.20,"{'minimumROIDimensions': 2, 'minimumROISize': None, 'normalize': False, 'normalizeScale': 1, 'removeOutliers': None, 'resampledPixelSpacing': None, 'interpolator': 'sitkBSpline', 'preCrop': False, 'padDistance': 5, 'distances': [1], 'force2D': False, 'force2Ddimension': 0, 'resegmentRange': None, 'label': 1, 'additionalInfo': True}",{'Original': {}},929915cc818319df4bb912e5df24f1344c2bc78c,3D,"(1.0, 1.0, 1.0)","(240, 240, 155)",77.36485775089606,0.0,1779.0,67bfe92eed351b524dbe3ce9976b625ce4b5d391,"(1.0, 1.0, 1.0)","(240, 240, 155)","(55, 104, 40, 40, 44, 41)",10430,83,"(72.28274209012464, 125.91879194630873, 56.91591562799616)","(72.28274209012464, -113.08120805369127, 56.91591562799616)",0.9010504862555435,0.5167008900744385,18.348919627625524,35.5116857355947,43.08131845707603,45.34313619501854,43.41658669218482,50.33885179461288,10210.208333333334,31.997821699811656,0.3242899475396682,7018.436481991044,0.6873940523895001,10430.0,708.0,900.0,6818744028.0,3.621887638445591,102.0,7.869944081165853,1009.0,60.75016337745405,804.7610738255033,811.0,16.0,993.0,42.5149127809193,808.5558796684991,-1.0226265428064558,6818744028.0,0.09466729297908073,6122.224601723216,1090.5195636482376,3335.370267193061,-81.08930051882679,31.188488042343447,4.231935919357788,0.7609980598495183,1.5148287686095658,2.2325133978706497,1.8543616278031878,0.5241777667073667,0.46780725310667925,0.9975280486167625,0.9653447882633542,-0.19696930811172944,0.8528010355309802,0.43293173490940995,32.92081161980784,0.015505160024863969,6.470506158190445,0.9307144460592324,0.03314165279412023,65.84162323961569,4.491845307521998,8.855105990425308,7.0603395809874225,1055.5395973154361,0.10120226244635055,8.892256958456551,987.3798657718121,9.87524904651289,1080.037008628955,41.3549376797699,45806.74822627037,0.03870093222676077,0.0010688631116259697,0.10126018857163797,103.0767931323337,0.00021329614649541245,805.8181539608934,0.09428898401865732,10.155047813596797,1075.8854572880307,1.8120439885756263,1970.022227313658,0.0018596929390507807,0.0010977109605624818,4.450962544389577,6025.4829363541485,0.7008597205111285,0.8193229589202743,0.3013277179223499,0.8616513395724799,924.3289056548133,0.0009670503801293815,72.22635494155153,0.07675489366796126,22.46705237040659,997.884165781084,4242.7715196599365,4752780.811902232,3.8431916364039638,0.0022681295243928163,264.6684378320935,0.2812629520000994,0.5466094223706763,526.2301989465144,0.0018062655200677678,6.462445241836078,0.09022051773729627,4119.917500206103,0.45904906578801125,0.0012468967498429138,700.643492956705,0.014093629126484855,1.6184050790170406,HGG_2,t2
v3.0.1,1.24.4,2.4.1,1.4.1,3.8.20,"{'minimumROIDimensions': 2, 'minimumROISize': None, 'normalize': False, 'normalizeScale': 1, 'removeOutliers': None, 'resampledPixelSpacing': None, 'interpolator': 'sitkBSpline', 'preCrop': False, 'padDistance': 5, 'distances': [1], 'force2D': False, 'force2Ddimension': 0, 'resegmentRange': None, 'label': 1, 'additionalInfo': True}",{'Original': {}},9a8d88ed6b32ed1f9963268c28b19f07b583a9fd,3D,"(1.0, 1.0, 1.0)","(240, 240, 155)",30.220629816308243,0.0,835.0,080e2f94f1554f8aaf82ad8e0eb681285b282a51,"(1.0, 1.0, 1.0)","(240, 240, 155)","(119, 55, 43, 69, 115, 79)",16412,78,"(147.25414330977333, 101.7930173044114, 83.8949549110407)","(147.25414330977333, -137.20698269558858, 83.8949549110407)",0.22249758233019226,0.1446997015531493,24.885370329541296,171.97941711303883,42.190046219457976,58.855755878248644,55.326304774492215,131.33544837552427,15082.208333333334,38.26500451820684,0.17952604922780713,16443.715005738264,1.0902723687615328,16412.0,207.0,345.0,1301228985.0,3.300390093968022,68.0,6.1993318841461456,604.0,46.4668555934385,273.9616743845966,268.0,0.0,604.0,28.65058672261013,281.5763079861443,0.6271112942640672,1301228985.0,0.13310752420801694,4230.218187496217,146.8989397281867,3727.119842025066,101.04570296308778,24.753368400813144,1.5569821596983573,0.8812882704796116,0.7750297660619704,1.6262402014370207,0.9286363413324548,0.6972262642983356,0.6783015981599866,0.9975653264756902,0.9712210986853105,-0.3669355961952619,0.9474394795269964,0.4358365873032178,11.878419603265886,0.046249872092836514,5.322525216097431,0.9004337130583857,0.10759871111939351,23.756839206531765,4.186381107930666,6.5775876401278754,7.474576700681046,921.2026565927371,0.05612982309241634,28.614556803784396,2184.560687301974,6.854113184333536,138.61966853521812,112.4912259322447,15614.404825737265,0.9646143644389322,0.010669978390953865,0.06353540790469597,7.740678658251944,0.0011515262018832555,1392.2134031377136,0.12346373204840548,7.9031395376120726,137.9591747936891,3.213093615800847,447.66011902512594,0.030927107835161907,0.011404083212377068,4.673710256520641,6356.374455777506,0.5557793225821341,0.6862145896998444,0.9918183940418956,0.7705600753949816,105.79377300931861,0.009232298069966591,97.89299610894942,0.09522664991142939,12.130610418022982,113.16439688715953,10931.661478599222,1477591.285992218,85.5116203372229,0.020534099503126253,252.67509727626458,0.24579289618313677,0.5069416626309999,56.63246526029621,0.011831108677714685,6.462827192126732,0.06263709480867657,10676.780874805068,2.268883841640339,0.001099485128936405,136.4853146447059,0.011076567877546389,0.3843759347877122,HGG_3,flair
v3.0.1,1.24.4,2.4.1,1.4.1,3.8.20,"{'minimumROIDimensions': 2, 'minimumROISize': None, 'normalize': False, 'normalizeScale': 1, 'removeOutliers': None, 'resampledPixelSpacing': None, 'interpolator': 'sitkBSpline', 'preCrop': False, 'padDistance': 5, 'distances': [1], 'force2D': False, 'force2Ddimension': 0, 'resegmentRange': None, 'label': 1, 'additionalInfo': True}",{'Original': {}},81e21d8945a72f9cb35896b11767c5ede8c712c2,3D,"(1.0, 1.0, 1.0)","(240, 240, 155)",41.659730846774195,0.0,1027.0,080e2f94f1554f8aaf82ad8e0eb681285b282a51,"(1.0, 1.0, 1.0)","(240, 240, 155)","(119, 55, 43, 69, 115, 79)",16412,78,"(147.25414330977333, 101.7930173044114, 83.8949549110407)","(147.25414330977333, -137.20698269558858, 83.8949549110407)",0.22249758233019226,0.1446997015531493,24.885370329541296,171.97941711303883,42.190046219457976,58.855755878248644,55.326304774492215,131.33544837552427,15082.208333333334,38.26500451820684,0.17952604922780713,16443.715005738264,1.0902723687615328,16412.0,246.0,428.0,1811877565.0,3.5751199091917227,101.0,5.978015469757663,782.0,66.28892127075837,319.37125274189617,302.0,1.0,781.0,42.03765847823164,332.26429113587625,0.018971554276586606,1811877565.0,0.11220447709833951,8401.5620860982,182.08334092795187,8973.20977093387,1.1633066722271808,37.09045612618167,2.7411635680607755,0.8604240900137458,0.6969293585402314,1.5511874182366572,2.2374204136899567,0.7653698601330865,0.7516343214669395,0.9975949026570945,0.9803340185679178,-0.49428984804335313,0.9802078785283921,0.33226576958388215,13.171666098623477,0.06786798896368731,5.047858365019507,0.9531767031624745,0.17348962835672074,26.343332197246944,4.198428384603136,9.957904923560612,7.816192426722036,684.4941506214965,0.041706930942084844,54.76156826689589,1841.499878137948,13.468709697979916,190.26212527418963,185.22105776261273,28446.848891055324,4.178519052083448,0.027939711221759308,0.07371196495346452,21.43405857804389,0.0018185815959144201,847.3647676009277,0.08593587534321248,17.17262200502872,209.8155787091405,5.007588124227178,838.3235634894247,0.11489309605290139,0.029683979011015472,5.28779824396266,5011.160982612546,0.5035388571144481,0.5991582144397157,2.106862010102518,0.7356915933086915,164.8487322576925,0.021568285363764587,64.88612670408982,0.05203378244113056,32.46474714937341,303.327185244587,15645.074578989575,2304028.163592622,167.8793002139679,0.02461040251102411,401.214915797915,0.32174411852278667,0.5886187369312934,192.40416317960242,0.013979034684161746,6.771925803881434,0.07598098951986351,15471.857739730125,1.0982608952951602,0.0015154264146451444,263.9461530806875,0.015571722912951908,0.7411067113754007,HGG_3,t1
v3.0.1,1.24.4,2.4.1,1.4.1,3.8.20,"{'minimumROIDimensions': 2, 'minimumROISize': None, 'normalize': False, 'normalizeScale': 1, 'removeOutliers': None, 'resampledPixelSpacing': None, 'interpolator': 'sitkBSpline', 'preCrop': False, 'padDistance': 5, 'distances': [1], 'force2D': False, 'force2Ddimension': 0, 'resegmentRange': None, 'label': 1, 'additionalInfo': True}",{'Original': {}},6e1752b8a35df6fb37cb8c0ca654a7656f47fb94,3D,"(1.0, 1.0, 1.0)","(240, 240, 155)",7.112365255376344,0.0,246.0,080e2f94f1554f8aaf82ad8e0eb681285b282a51,"(1.0, 1.0, 1.0)","(240, 240, 155)","(119, 55, 43, 69, 115, 79)",16412,78,"(147.25414330977333, 101.7930173044114, 83.8949549110407)","(147.25414330977333, -137.20698269558858, 83.8949549110407)",0.22249758233019226,0.1446997015531493,24.885370329541296,171.97941711303883,42.190046219457976,58.855755878248644,55.326304774492215,131.33544837552427,15082.208333333334,38.26500451820684,0.17952604922780713,16443.715005738264,1.0902723687615328,16412.0,39.0,57.0,38868046.0,1.024198727728849,9.0,8.016945095832778,143.0,6.02068808072703,48.00158420667804,47.0,0.0,143.0,4.138502028818922,48.664873619948175,1.0500786258697299,38868046.0,0.5203457799346571,64.11783809472496,5.312872169691209,1.1196469688771171,0.49753425423577374,0.6184601803240466,0.22331907042419544,0.4677303790711744,0.22198733258965359,0.7663527622838209,0.17345380774829836,0.8892227959067379,0.8891395074886274,0.9939701641552088,0.9683110433245143,-0.1752473018457706,0.5100233525975935,0.2208739507462467,2.2834149233218985,0.4240146739628892,1.6174544807636129,0.6349126871298026,0.6095600657990148,4.566829846643798,1.389825898820117,0.21044481268706056,5.295045910736892,800.4317572507921,0.04877112827509091,66.16961763115496,8539.914940287594,0.25641036569367304,5.97355593468194,289.51291737752865,1361.158420667804,66.75379070531048,0.1969439197606088,0.02820173394101551,0.22369363803372838,0.0046007242890014075,3768.097044698185,0.4956005783029908,0.2779182703358308,6.9937420712105745,10.967947726880276,52.64433441093086,2.5027984918740773,0.17042009821896378,2.968227175124444,3173.69283298153,0.41240510444152767,0.4636663604492023,6.139262830559683,0.6656432288243516,5.000563404128217,0.10486427257590249,127.8036809815951,0.3920358312318868,0.5468779404569235,8.202453987730062,204224.84662576686,1038849.5214723926,44891.41033657123,0.1734517723244717,90.75460122699387,0.2783883473220671,0.5406497219935126,4.553473196531933,0.09379003367997589,4.131594561708818,0.019863514501584207,201690.37276525275,101.7794601426312,0.0005137333046742451,4.642619470526609,0.004270025825351876,0.012887420441251156,HGG_3,t1ce
v3.0.1,1.24.4,2.4.1,1.4.1,3.8.20,"{'minimumROIDimensions': 2, 'minimumROISize': None, 'normalize': False, 'normalizeScale': 1, 'removeOutliers': None, 'resampledPixelSpacing': None, 'interpolator': 'sitkBSpline', 'preCrop': False, 'padDistance': 5, 'distances': [1], 'force2D': False, 'force2Ddimension': 0, 'resegmentRange': None, 'label': 1, 'additionalInfo': True}",{'Original': {}},30e3cb8ad1bd4eb24b15856a8b39228942d0fbd7,3D,"(1.0, 1.0, 1.0)","(240, 240, 155)",93.22035551075268,0.0,1707.0,080e2f94f1554f8aaf82ad8e0eb681285b282a51,"(1.0, 1.0, 1.0)","(240, 240, 155)","(119, 55, 43, 69, 115, 79)",16412,78,"(147.25414330977333, 101.7930173044114, 83.8949549110407)","(147.25414330977333, -137.20698269558858, 83.8949549110407)",0.22249758233019226,0.1446997015531493,24.885370329541296,171.97941711303883,42.190046219457976,58.855755878248644,55.326304774492215,131.33544837552427,15082.208333333334,38.26500451820684,0.17952604922780713,16443.715005738264,1.0902723687615328,16412.0,556.0,961.0,9953611172.0,4.637350436598383,200.0,3.0179587621036204,1328.0,121.25761605155189,763.6780404582013,770.0,0.0,1328.0,84.40002658013034,778.7706606544532,-0.24794385114839881,9953611172.0,0.04656185510456464,23279.592418095363,1072.1500688999072,45750.41858744354,-400.117672551068,121.78252225880621,9.180705493034871,0.8588703541216736,2.123104002581925,2.7076292212284487,4.503965005023229,0.4706356950362548,0.4039812183432224,0.9969092596662652,0.9635048935816395,-0.24858164032042643,0.9379411312277948,0.3760868620832592,32.31046920472438,0.006278233953985194,7.949122156742887,0.9025681656995156,0.017569478214269095,64.62093840944875,5.480884131632611,32.740806937960265,7.841920157899163,1943.8251279551548,0.11843925956343863,8.860826705271267,764.173165976115,37.31498092708895,1002.4976846210091,28.987082622471362,31673.63953204972,0.029800769711813287,0.0012875448885917584,0.19759453430292065,173.23133759512504,0.00036909873537047377,650.3306762162841,0.04575680800945013,38.20340731110255,990.7409739255852,1.5585160232277402,1593.4408575707782,0.0019110329020161113,0.0013232267369704099,5.288845889888552,11072.83578268824,0.7768433229367775,0.8659142466112976,0.21602981609707805,0.9022068841153555,885.7319403803817,0.0012184778143378228,159.0005518763797,0.04387432446919969,42.32658282226901,849.1906732891832,386.43653421633553,434661.58995584986,0.3607981021073458,0.0018802632155058452,1186.0717439293599,0.3272824900467328,0.5926487494921752,492.08887526186203,0.0012910110267623648,7.051903622227274,0.22081403850840847,365.92743252001617,0.4287540568038026,0.0012306175835525943,1298.1478324325417,0.03754868743174729,1.3341647869220936,HGG_3,t2
v3.0.1,1.24.4,2.4.1,1.4.1,3.8.20,"{'minimumROIDimensions': 2, 'minimumROISize': None, 'normalize': False, 'normalizeScale': 1, 'removeOutliers': None, 'resampledPixelSpacing': None, 'interpolator': 'sitkBSpline', 'preCrop': False, 'padDistance': 5, 'distances': [1], 'force2D': False, 'force2Ddimension': 0, 'resegmentRange': None, 'label': 1, 'additionalInfo': True}",{'Original': {}},1dee599135202a54055aa929ed27d853bd4df9c4,3D,"(1.0, 1.0, 1.0)","(240, 240, 155)",34.415319556451614,0.0,2139.0,f67439486bccbc903e0ce38ce592e0e07088f30f,"(1.0, 1.0, 1.0)","(240, 240, 155)","(79, 110, 35, 52, 46, 48)",21279,9,"(104.98101414540157, 131.54631326660086, 58.42144837633347)","(104.98101414540157, -107.45368673339914, 58.42144837633347)",0.7021763612720762,0.605063382099023,35.28015432997122,58.30819608944268,52.61178575186362,47.41307836451879,55.44366510251645,57.52390807307862,20997.791666666668,40.94263696242357,0.29407395191238317,12516.319718214627,0.5960779074727125,21279.0,271.0,460.0,2724535840.0,3.643358015417957,102.0,5.7342758346164295,555.0,65.29385595217956,346.42539593025987,341.0,0.0,555.0,42.620275125116336,357.82497971086383,-0.98167636851268,2724535840.0,0.10043229394414867,8028.161159642808,212.52589088153897,9657.88330436603,-204.6000346946704,41.37426332592361,3.505384841110218,0.8424717899407292,1.1361011762210353,2.034482796505282,2.1661495178199073,0.6322519968467392,0.5993133047815559,0.9938246480901547,0.9560589157349214,-0.3068348742321996,0.9329791852133293,0.42133397184792754,14.249832492928997,0.0310301603839521,5.993379419131572,0.8598877975573198,0.09489773467438414,28.499664985857997,4.496501076065538,11.219912041758457,7.679983099250513,1211.511396212228,0.05693460201194737,32.83377673957036,2137.098782837539,12.761603722415815,219.67709948775789,113.31016495136049,22449.74167019127,2.73940754617913,0.020921737570401888,0.0673478251512989,13.304849257075933,0.0012086538441541668,1330.3613651416465,0.09009463001641224,13.884143130579055,224.18802291576793,3.192814391904728,666.2053250863241,0.0686413216831754,0.01967049823567154,4.952351953655379,8624.854274341857,0.5786153876414519,0.693428334905848,1.0482573793793255,0.7870916469858458,177.75175664174984,0.014517233879230746,73.34153846153846,0.05641656804733728,25.24663846153846,183.25153846153847,12724.656153846154,2467092.162307692,130.2151066221417,0.02060427973991331,320.85692307692307,0.2468130177514793,0.5063357183066046,85.72234743366718,0.010038414995195904,6.9006014521798615,0.061093096480097746,12456.729620710059,3.17835962307669,0.0007833785432089347,163.63871270362537,0.03642076261788076,0.1869643874053311,LGG_1,flair
v3.0.1,1.24.4,2.4.1,1.4.1,3.8.20,"{'minimumROIDimensions': 2, 'minimumROISize': None, 'normalize': False, 'normalizeScale': 1, 'removeOutliers': None, 'resampledPixelSpacing': None, 'interpolator': 'sitkBSpline', 'preCrop': False, 'padDistance': 5, 'distances': [1], 'force2D': False, 'force2Ddimension': 0, 'resegmentRange': None, 'label': 1, 'additionalInfo': True}",{'Original': {}},6da04dc66fd3c93076e46919da502173be5d4b2d,3D,"(1.0, 1.0, 1.0)","(240, 240, 155)",42.04036514336918,0.0,1207.0,f67439486bccbc903e0ce38ce592e0e07088f30f,"(1.0, 1.0, 1.0)","(240, 240, 155)","(79, 110, 35, 52, 46, 48)",21279,9,"(104.98101414540157, 131.54631326660086, 58.42144837633347)","(104.98101414540157, -107.45368673339914, 58.42144837633347)",0.7021763612720762,0.605063382099023,35.28015432997122,58.30819608944268,52.61178575186362,47.41307836451879,55.44366510251645,57.52390807307862,20997.791666666668,40.94263696242357,0.29407395191238317,12516.319718214627,0.5960779074727125,21279.0,208.0,344.0,1562900613.0,3.139176470187507,86.0,6.058959190331042,404.0,48.96923451202813,263.46863104469196,261.0,0.0,404.0,35.251161358170826,271.01296866331364,-0.996621654292225,1562900613.0,0.133449182895653,4032.309639138228,124.78489064771088,2585.972339358125,-65.6881345873069,22.592303936496386,1.4771431047755743,0.8768313122776965,0.6755764810316597,1.5413652329537153,1.0030752772042997,0.7386034650158668,0.7236806043268621,0.9952321479947396,0.9644896426407681,-0.40262785881758717,0.9528792543324445,0.38569398243379555,10.931852580709537,0.058726412206747444,4.91474362338732,0.9023058288277324,0.15667085433249703,21.863705161419073,3.9908144576637508,6.017361760317991,7.412392694818671,985.3487945862117,0.04630616074938727,40.222040590695265,2839.6651628365994,6.427826685802089,128.7485784106396,187.07716528032333,21877.9588796466,4.040550582854226,0.024051703960276515,0.03174522009736826,3.5333877497665473,0.0009772725061991355,1505.7681173306241,0.12354012560581316,6.944301593266503,132.9491973136267,5.373661315560326,647.3580980133811,0.11449871434536299,0.025016851990533558,4.848833346941754,5530.3043167018295,0.4463268348151007,0.5723700144960542,2.1644712906962162,0.6897583855136464,92.66233930169818,0.017314025953959443,36.739644970414204,0.0724647829791207,14.885309804745397,94.71794871794872,56397.63510848126,6799288.617357002,681.3571141057058,0.03975175484177678,129.0552268244576,0.25454679847033057,0.5179302028129716,43.91091147665623,0.02029390660872897,6.311161446326166,0.02382630762723812,54636.119440262366,4.873976266952037,0.0009232877286876966,57.51960157411863,0.020892202675239824,0.12532386779506766,LGG_1,t1
v3.0.1,1.24.4,2.4.1,1.4.1,3.8.20,"{'minimumROIDimensions': 2, 'minimumROISize': None, 'normalize': False, 'normalizeScale': 1, 'removeOutliers': None, 'resampledPixelSpacing': None, 'interpolator': 'sitkBSpline', 'preCrop': False, 'padDistance': 5, 'distances': [1], 'force2D': False, 'force2Ddimension': 0, 'resegmentRange': None, 'label': 1, 'additionalInfo': True}",{'Original': {}},486e2c933718810d0011b6cf3e0a15048bf01356,3D,"(1.0, 1.0, 1.0)","(240, 240, 155)",47.73773913530466,0.0,990.0,f67439486bccbc903e0ce38ce592e0e07088f30f,"(1.0, 1.0, 1.0)","(240, 240, 155)","(79, 110, 35, 52, 46, 48)",21279,9,"(104.98101414540157, 131.54631326660086, 58.42144837633347)","(104.98101414540157, -107.45368673339914, 58.42144837633347)",0.7021763612720762,0.605063382099023,35.28015432997122,58.30819608944268,52.61178575186362,47.41307836451879,55.44366510251645,57.52390807307862,20997.791666666668,40.94263696242357,0.29407395191238317,12516.319718214627,0.5960779074727125,21279.0,149.0,360.0,1502184398.0,3.6605695164552343,153.0,2.904679134086308,730.0,77.21159612859607,250.00686122468161,251.0,0.0,730.0,61.52716491245134,265.69661177005213,0.006182878662195987,1502184398.0,0.09301491132733264,8091.258846668602,113.58251023420436,5170.898066296173,51.58760460109654,45.107315569024074,3.8590209417124237,0.8418847521952384,1.3118221789535611,2.189898678788848,2.09479900314963,0.5866652120730386,0.5439935238903579,0.9958346829912966,0.9600297524547868,-0.2664483978196601,0.9170093757635627,0.42309500361749286,10.162003084418503,0.024642672082458662,6.216431417560336,0.8553446357423626,0.09661293270849548,20.324006168837002,4.526313898588578,12.24158412768412,7.438531118428196,1412.0597302504816,0.0663593087198873,24.699062723944056,1979.2642981343108,12.94289893886194,123.80116546830209,83.94760092109591,7808.101179566709,3.617963380881798,0.027172772619700213,0.09006094205694096,13.708834911454284,0.0014441743600212688,1364.284438056035,0.0863522388684044,12.572243853945748,130.1553061423172,2.491354028646258,278.83760873943334,0.08223616461756321,0.023675816905473393,4.757396651687208,9904.332923701228,0.6239354704536303,0.7424112613736187,0.6548728696395403,0.8171371986569516,109.54110818998704,0.017415512141028724,130.20636725412166,0.07402294897903448,17.63546591055632,159.2035247299602,8102.870380898237,740446.6429789653,176.3608461836992,0.016747576246177995,547.2171688459351,0.31109560480155496,0.5780025077569316,96.03138999746166,0.008598866465591163,6.498899219221036,0.08266365900653226,7956.527786441273,3.5917465051262134,0.0006821098362817982,347.9975536766188,0.026674758289355963,0.3395654863434834,LGG_1,t1ce
v3.0.1,1.24.4,2.4.1,1.4.1,3.8.20,"{'minimumROIDimensions': 2, 'minimumROISize': None, 'normalize': False, 'normalizeScale': 1, 'removeOutliers': None, 'resampledPixelSpacing': None, 'interpolator': 'sitkBSpline', 'preCrop': False, 'padDistance': 5, 'distances': [1], 'force2D': False, 'force2Ddimension': 0, 'resegmentRange': None, 'label': 1, 'additionalInfo': True}",{'Original': {}},d42519b2d4a71feca647e81a94671d792c55c1be,3D,"(1.0, 1.0, 1.0)","(240, 240, 155)",62.79283725358423,0.0,1673.0,f67439486bccbc903e0ce38ce592e0e07088f30f,"(1.0, 1.0, 1.0)","(240, 240, 155)","(79, 110, 35, 52, 46, 48)",21279,9,"(104.98101414540157, 131.54631326660086, 58.42144837633347)","(104.98101414540157, -107.45368673339914, 58.42144837633347)",0.7021763612720762,0.605063382099023,35.28015432997122,58.30819608944268,52.61178575186362,47.41307836451879,55.44366510251645,57.52390807307862,20997.791666666668,40.94263696242357,0.29407395191238317,12516.319718214627,0.5960779074727125,21279.0,472.0,963.0,12310391509.0,4.719000584399606,313.0,3.973459225019219,1049.0,164.35889239097497,733.5153437661544,759.0,0.0,1049.0,125.01827671219452,760.6070127344713,-0.8981966259777621,12310391509.0,0.04301398828440211,40478.268280476535,997.5993058375805,207992.33912496315,-3245.965618065886,235.31080925388272,15.684669123789885,0.8747538490000383,2.304502158492048,2.8200886413032173,10.140862733243685,0.4992892786551206,0.4393822469010607,0.9921338837592109,0.9520342139009775,-0.29916301173535403,0.9629973850907828,0.35381349043857807,30.702632739486685,0.009122082830040783,7.903512671705946,0.8997478866184472,0.050387828683285917,61.40526547897337,5.625660957464559,62.74886959441813,8.091107890171928,1970.4178297852343,0.09259917429321088,24.584150237369336,915.2946567037925,64.49822190835891,956.6428873537291,62.50448799285681,78553.88871657502,1.9336023991777342,0.014590464390733816,0.13634421627444987,103.30361350768776,0.0008160279537260682,692.156156800902,0.040578793525874055,58.630207741576136,910.5793091757164,2.143869486368071,2253.37821993513,0.041107215969185824,0.011641786171347349,5.523158211401437,12485.984077508492,0.7282645304857323,0.8016173403174671,0.5645440672735044,0.8754393821496134,774.4103557471509,0.008425095960949137,128.89282033665407,0.044277849651890785,50.598222003721766,723.778770182068,1361.8120920645827,1839742.1408450704,16.095384893763942,0.006040857599920077,822.0346959807626,0.28238910889067764,0.5496222427515791,372.6610181853317,0.003667227708638949,7.333509003137041,0.13680154142581888,1308.3780511996752,0.6095371179996619,0.0011220688288257365,929.7249034504939,0.0871252760071991,0.9552831945045879,LGG_1,t2
v3.0.1,1.24.4,2.4.1,1.4.1,3.8.20,"{'minimumROIDimensions': 2, 'minimumROISize': None, 'normalize': False, 'normalizeScale': 1, 'removeOutliers': None, 'resampledPixelSpacing': None, 'interpolator': 'sitkBSpline', 'preCrop': False, 'padDistance': 5, 'distances': [1], 'force2D': False, 'force2Ddimension': 0, 'resegmentRange': None, 'label': 1, 'additionalInfo': True}",{'Original': {}},55b02fccc126ade89def6ae48a54018844408d0b,3D,"(1.0, 1.0, 1.0)","(240, 240, 155)",26.88083434139785,0.0,459.0,fb40234cdd88a5cd107a161356b81b2583d4a79e,"(1.0, 1.0, 1.0)","(240, 240, 155)","(66, 113, 45, 29, 47, 22)",9329,1,"(78.49072783792475, 140.20806088541107, 56.4105477543145)","(78.49072783792475, -98.79193911458893, 56.4105477543145)",0.5906322369535895,0.4275763252975417,16.262208513150178,38.033463386527856,29.017236257093817,47.12748667179272,40.52159917870962,47.968739820845826,9281.083333333334,22.46378955907739,0.7135258932116187,2993.2305423257085,0.3225087454581317,9329.0,212.0,252.0,511002299.0,1.4612222933329095,16.0,5.283115011070829,274.0,12.450737370703132,233.37967627827206,236.0,154.0,120.0,7.313479620272918,234.04204298835162,-1.2884468992834694,511002299.0,0.4833309952571543,309.60458641037206,15.661467155681017,17.78947354994818,-2.7570887637429227,1.7487127195131043,0.22531624575554182,0.7704493185306475,0.21125683455256924,0.7639892575564787,0.17862881909084985,0.8966449273712711,0.8957775238440125,0.9914552911265953,0.9651202832780041,-0.4009601678555067,0.8111034744387473,0.19961492719439777,3.909038951836223,0.3881348639829809,2.207656380088671,0.7926186100431933,0.6047615818979822,7.818077903672446,1.9623721038390558,0.49350724131716145,5.374599017070977,809.348376031729,0.08675617708561786,47.4576893565077,4508.9948547539925,0.5602204870373736,15.63082859899239,429.58076964304854,7003.422017365206,29.76595928466788,0.08397800764640725,0.007713741403270067,0.09777161720513391,0.001211405090169151,796.0412746545892,0.2973143375809632,0.9508986398946809,14.447939073099821,28.64417086116085,461.17011389394196,1.9824273433243365,0.10974750066023721,4.626358734640276,586.7531667724079,0.2109884945411202,0.2866165884710209,14.210559085993518,0.4504125760483635,5.889941572530538,0.06016088120650027,11.523809523809524,0.2743764172335601,1.6462585034013606,9.80952380952381,963064.0714285715,15425064.904761905,61436.490800264546,0.2743187830687831,4.904761904761905,0.11678004535147392,0.31138698693500927,2.8962140146985447,0.08655875245693305,4.526495328097792,0.004502090256190374,913727.2001133786,24.3115538676772,0.001735944297974657,1.9653743980285256,0.010338534065247524,0.019390556945338925,LGG_2,flair
v3.0.1,1.24.4,2.4.1,1.4.1,3.8.20,"{'minimumROIDimensions': 2, 'minimumROISize': None, 'normalize': False, 'normalizeScale': 1, 'removeOutliers': None, 'resampledPixelSpacing': None, 'interpolator': 'sitkBSpline', 'preCrop': False, 'padDistance': 5, 'distances': [1], 'force2D': False, 'force2Ddimension': 0, 'resegmentRange': None, 'label': 1, 'additionalInfo': True}",{'Original': {}},d8558fff631c1d88e7d5c456015f7c5c2793e16b,3D,"(1.0, 1.0, 1.0)","(240, 240, 155)",8.029391129032257,0.0,133.0,fb40234cdd88a5cd107a161356b81b2583d4a79e,"(1.0, 1.0, 1.0)","(240, 240, 155)","(66, 113, 45, 29, 47, 22)",9329,1,"(78.49072783792475, 140.20806088541107, 56.4105477543145)","(78.49072783792475, -98.79193911458893, 56.4105477543145)",0.5906322369535895,0.4275763252975417,16.262208513150178,38.033463386527856,29.017236257093817,47.12748667179272,40.52159917870962,47.968739820845826,9281.083333333334,22.46378955907739,0.7135258932116187,2993.2305423257085,0.3225087454581317,9329.0,35.0,43.0,13981903.0,0.004194985724188548,4.0,3.076147811665012,50.0,2.359295132826301,38.60381605745525,38.0,30.0,20.0,1.9095940798251365,38.713781617483015,0.5067859165940743,13981903.0,0.9993570510737755,8.502272928326141,1.000274458928772,0.00039088906505798976,0.00031913178380772966,0.0002833652714115793,0.000247490454917964,0.03833777454485934,0.000247490454917964,0.0032931183338291104,0.00024741991278158146,0.9998762547725412,0.9998762547725412,0.9999505019090164,0.9999175031816938,-0.029930281475597415,0.004004339763040154,0.000247490454917964,1.0001327347187436,0.9994871522240536,0.0036710028238431244,0.038567319114311556,0.9997435200537973,2.0002654694374873,0.00342351236892548,0.00013271393158238582,2.4694035072142713,3651.7885089505844,0.3914447967574857,19.34911780837192,9323.001929467253,0.00032147446311219565,1.0009647336263265,609.2677671776182,609.2706613784972,609.2670436273984,0.9997588165934184,0.0021698994213287903,0.002652266234492045,0.002049307718037977,967.172652853922,0.9936208684957606,0.0031895657521197724,1.0096021176786076,148.73966040050823,148.75015697256964,148.7370362574929,0.997599470580348,4.14126682223585,64.39702785305074,0.0630667015938815,0.10429842426841034,34.80590515609891,0.10359653757102379,0.11297504165392465,0.10125191155029857,1.6666666666666667,0.5555555555555556,0.2222222222222222,3.0,28991427.0,28991432.0,28991425.75,0.5,1.0,0.3333333333333333,0.41666667049921746,1.6666666704992175,0.1041666704992175,1.5849625007211552,0.0003215778754421696,19321400.222222224,0.959932907942804,0.5213727214442431,0.00041119383787651157,1.6298372436165758e-07,0.42286052492430026,LGG_2,t1
v3.0.1,1.24.4,2.4.1,1.4.1,3.8.20,"{'minimumROIDimensions': 2, 'minimumROISize': None, 'normalize': False, 'normalizeScale': 1, 'removeOutliers': None, 'resampledPixelSpacing': None, 'interpolator': 'sitkBSpline', 'preCrop': False, 'padDistance': 5, 'distances': [1], 'force2D': False, 'force2Ddimension': 0, 'resegmentRange': None, 'label': 1, 'additionalInfo': True}",{'Original': {}},c6c66307e2a7e0e41f82d8aff67ac0d0b2a6e057,3D,"(1.0, 1.0, 1.0)","(240, 240, 155)",8.815946684587814,0.0,207.0,fb40234cdd88a5cd107a161356b81b2583d4a79e,"(1.0, 1.0, 1.0)","(240, 240, 155)","(66, 113, 45, 29, 47, 22)",9329,1,"(78.49072783792475, 140.20806088541107, 56.4105477543145)","(78.49072783792475, -98.79193911458893, 56.4105477543145)",0.5906322369535895,0.4275763252975417,16.262208513150178,38.033463386527856,29.017236257093817,47.12748667179272,40.52159917870962,47.968739820845826,9281.083333333334,22.46378955907739,0.7135258932116187,2993.2305423257085,0.3225087454581317,9329.0,35.0,43.0,14176427.0,0.0065965735818404635,4.0,2.9959413098246723,51.0,2.4253351200073086,38.86343659556223,39.0,30.0,21.0,1.907495471574456,38.982155216718546,0.3566050491404133,14176427.0,0.9989286482614703,9.241721323051376,1.0007173468195059,0.0009641827443360518,0.000811583102094592,0.0007360067457756245,0.0006598342386288971,0.0509520135495809,0.0006598342386288971,0.007879822081547508,0.0006593615268821742,0.9996700828806856,0.9996700828806856,0.9998680331522742,0.9997800552537903,-0.0426438316492559,0.006143422743880545,0.0006598342386288971,1.0003490879796066,0.9986427179809156,0.008796784358287103,0.05159291094411697,0.9993209949010787,2.0006981759592133,0.008136950119658527,0.00034896024610113046,2.476859000170817,3635.4397041483544,0.3896923254527125,19.480001623803386,9319.005359631257,0.0005356758692647996,1.001607889377211,608.930110408404,608.9355772322864,608.9287437024333,0.9995980276556973,0.0022243426198350616,0.002867498370719401,0.0020635536821139774,966.8221032826198,0.9893475025265168,0.005326248736741703,1.0160737931261326,147.8441023598735,147.86123634854678,147.8398188627052,0.9959815517184669,4.14933933644615,64.62683259251818,0.06310927777581815,0.10466947566315128,35.03935098709471,0.10626560641938736,0.12207435065872511,0.10231342035955295,2.5,0.625,0.1875,3.25,21734246.25,21734253.0,21734244.5625,0.4375,1.5,0.375,0.3750000028756464,1.5000000028756464,0.09375000287564637,1.4999999999999991,0.0004287705005895594,16294856.1875,1.8907698323097157,0.2648684312953901,0.0008094028014070508,4.868679094370081e-07,0.2358771302918786,LGG_2,t1ce
v3.0.1,1.24.4,2.4.1,1.4.1,3.8.20,"{'minimumROIDimensions': 2, 'minimumROISize': None, 'normalize': False, 'normalizeScale': 1, 'removeOutliers': None, 'resampledPixelSpacing': None, 'interpolator': 'sitkBSpline', 'preCrop': False, 'padDistance': 5, 'distances': [1], 'force2D': False, 'force2Ddimension': 0, 'resegmentRange': None, 'label': 1, 'additionalInfo': True}",{'Original': {}},5def5c841f2f1025e38213b47627d4f1d1e36f58,3D,"(1.0, 1.0, 1.0)","(240, 240, 155)",99.22132773297491,0.0,1887.0,fb40234cdd88a5cd107a161356b81b2583d4a79e,"(1.0, 1.0, 1.0)","(240, 240, 155)","(66, 113, 45, 29, 47, 22)",9329,1,"(78.49072783792475, 140.20806088541107, 56.4105477543145)","(78.49072783792475, -98.79193911458893, 56.4105477543145)",0.5906322369535895,0.4275763252975417,16.262208513150178,38.033463386527856,29.017236257093817,47.12748667179272,40.52159917870962,47.968739820845826,9281.083333333334,22.46378955907739,0.7135258932116187,2993.2305423257085,0.3225087454581317,9329.0,622.0,882.0,5646229164.0,3.9155276368483483,120.0,3.1195933304142063,1062.0,77.38098089375623,771.7487404866545,790.0,439.0,623.0,52.44163951633651,777.9679468158778,-0.7131299501836385,5646229164.0,0.07941571711837497,9638.007830174802,230.03912675103157,9028.37402576441,-291.0298865936294,51.36986814658337,3.5949467381480065,0.8683223969927739,1.3505665264483953,2.1568331227484254,1.7038667429174401,0.5624664006312204,0.5155002338378454,0.9948077714701802,0.9527362696318528,-0.2809630950203459,0.9319547078544204,0.44122892369622535,14.767855785476701,0.017025353343186868,6.57983553058609,0.8752696387659391,0.044316257015126835,29.535711570953403,4.7701749378868605,13.741203721182849,7.619712745619192,686.6040304427055,0.073598888459932,17.677860572625555,740.8692249973202,15.520289803632739,222.47422017365204,73.08768356737056,18390.57498124129,0.3992263040480495,0.008033866637124635,0.0678909610241955,11.588062109847137,0.0010829092167046613,519.5237249895227,0.07397125733685153,16.581141282047035,215.13096526185,2.361502175764539,548.9413896586404,0.0166440909472707,0.008702268398165378,5.006801044616223,4430.232148995489,0.626843270291024,0.752162405072685,0.5606982936910266,0.8183620448598355,171.07171432139032,0.007551042412788016,30.600790513833992,0.06047587058069959,23.782846943398585,147.36166007905138,10939.132411067194,2796495.9486166006,46.63280008605922,0.020869156863871273,113.98418972332016,0.2252651970816604,0.48233252483823297,72.57890553379752,0.011854240402732382,6.798171182036591,0.05423946832457927,10599.21833257823,0.9824688072949292,0.002203979562218946,205.43568705244942,0.03461205089883647,0.5579885784474792,LGG_2,t2
v3.0.1,1.24.4,2.4.1,1.4.1,3.8.20,"{'minimumROIDimensions': 2, 'minimumROISize': None, 'normalize': False, 'normalizeScale': 1, 'removeOutliers': None, 'resampledPixelSpacing': None, 'interpolator': 'sitkBSpline', 'preCrop': False, 'padDistance': 5, 'distances': [1], 'force2D': False, 'force2Ddimension': 0, 'resegmentRange': None, 'label': 1, 'additionalInfo': True}",{'Original': {}},fd2d93e2c3833a2f8870e4a4f5469e75cbb366b3,3D,"(1.0, 1.0, 1.0)","(240, 240, 155)",31.198392585125447,0.0,589.0,62e18597104d45151f25ae0b17dd79cdc92904f8,"(1.0, 1.0, 1.0)","(240, 240, 155)","(99, 48, 58, 61, 83, 65)",91102,22,"(130.15551799082348, 92.35955302847358, 87.6442449122961)","(130.15551799082348, -146.64044697152642, 87.6442449122961)",0.7563908175691498,0.5729322319015553,41.50238984423229,72.43856696015574,65.14598989960932,86.02325267042627,82.21921916437786,87.20665112249179,91133.66666666667,54.79186688652981,0.22923175468136403,42723.016450493946,0.46879510079144493,91102.0,403.0,481.0,17743353989.0,2.5170109388610418,42.0,37.16323833287746,575.0,29.43467210659156,438.4741169238875,444.0,0.0,575.0,17.348386887851966,441.3202980921134,-4.509288067131157,17743353989.0,0.21976878731527788,2504.0542959288114,328.4150536364541,6208.4099347460815,-200.23631992418728,13.18319312879443,1.0793295785157988,0.8474391246800077,0.5233154835114854,1.2884586376035805,0.7962075031242648,0.7787285167666792,0.7715010323935984,0.9982778147941757,0.9797589946587102,-0.3637467434936762,0.9079163345002884,0.3760268105263402,18.038526965374807,0.09986956696340304,4.065653018176292,0.8889292609317127,0.18388390841782626,36.077053930749614,3.358116671622156,3.5656306768275567,7.079550428426483,3800.4278061952537,0.04171618412543362,41.48791707946474,20021.376061996445,4.0008753037982885,330.2528484555773,235.31487782924634,78062.67953502668,2.1440130823084504,0.008730940516276047,0.02486050215819563,7.504989416982187,0.00025635091321851467,9120.681069690321,0.19845139191135133,4.60200491931854,328.43069496214605,7.820286696053946,2591.0573571054915,0.06610517127363968,0.00856757461124983,4.616245421138059,17931.297777684824,0.3810595512956292,0.5029932636790883,3.3957650702498787,0.6312045543765794,206.0843263379337,0.004981190182491976,143.416149068323,0.0890783534585857,16.741317464603988,284.0130434782609,1033844.8857142857,351387219.33229816,3218.1074959246125,0.011823093158950367,448.3975155279503,0.2785077736198449,0.537445207917743,144.6179613411214,0.007759690571710425,6.281767804900227,0.017672498957212793,1030643.0129454883,9.805240017047952,0.00014237738776034045,134.20602076464857,0.005879706828182451,0.10763162167738259,LGG_3,flair
v3.0.1,1.24.4,2.4.1,1.4.1,3.8.20,"{'minimumROIDimensions': 2, 'minimumROISize': None, 'normalize': False, 'normalizeScale': 1, 'removeOutliers': None, 'resampledPixelSpacing': None, 'interpolator': 'sitkBSpline', 'preCrop': False, 'padDistance': 5, 'distances': [1], 'force2D': False, 'force2Ddimension': 0, 'resegmentRange': None, 'label': 1, 'additionalInfo': True}",{'Original': {}},b1437b90f1a68c70fa1323b73c6f6b8deb892975,3D,"(1.0, 1.0, 1.0)","(240, 240, 155)",47.043551075268816,0.0,447.0,62e18597104d45151f25ae0b17dd79cdc92904f8,"(1.0, 1.0, 1.0)","(240, 240, 155)","(99, 48, 58, 61, 83, 65)",91102,22,"(130.15551799082348, 92.35955302847358, 87.6442449122961)","(130.15551799082348, -146.64044697152642, 87.6442449122961)",0.7563908175691498,0.5729322319015553,41.50238984423229,72.43856696015574,65.14598989960932,86.02325267042627,82.21921916437786,87.20665112249179,91133.66666666667,54.79186688652981,0.22923175468136403,42723.016450493946,0.46879510079144493,91102.0,207.0,285.0,5651485461.0,2.3281397631218854,42.0,3.299890141418895,370.0,24.074557477272787,247.25139953019692,248.0,0.0,370.0,17.46956610509605,249.06766637289226,0.13443072946484658,5651485461.0,0.22926128032335674,901.4478627973031,108.86089994446215,89.38306908626986,2.317221645585931,5.5854515387361285,0.29930021044087457,0.898187129370222,0.28057522097889714,0.8797405622696496,0.21843086299454767,0.8619579965284614,0.8612734919856353,0.998684816214448,0.982525823228447,-0.5210808090775658,0.9522154284561158,0.27031478401118575,10.370105904566259,0.1349924044513637,3.407192199026928,0.9119001124237717,0.22607107129045223,20.740211809132518,3.0909446318813543,1.4711879372942511,6.820259089197277,4094.244429320981,0.04494132323462691,40.6728725320311,20886.16116001844,1.5155749373049419,109.95663102895655,334.25823801892386,35900.102862725296,3.271879749649747,0.009702475108318991,0.011030846287931497,1.228648119559562,0.0001335878237129796,7572.228815785965,0.21906084538283505,1.7208651903186873,112.3292414272142,14.115031167139191,1503.947105805901,0.13966450089588128,0.009688915361906397,4.903046822262686,9257.702544899355,0.26168556056979314,0.3794487328657818,6.629482971318786,0.5093020224640438,57.922997480937966,0.005007809670061707,69.10424710424711,0.13340588244063148,4.701703910198119,108.91505791505791,3319928.5752895754,366174182.3610039,30957.17154443924,0.015296946370218336,152.7992277992278,0.2949792042456135,0.5592615429217302,60.5347550521194,0.00834051225960731,5.552641007900568,0.005685934447103247,3288997.40847632,22.952865769684898,0.00020856690923974774,25.633142125092018,0.00405817455170131,0.03130489229015195,LGG_3,t1
v3.0.1,1.24.4,2.4.1,1.4.1,3.8.20,"{'minimumROIDimensions': 2, 'minimumROISize': None, 'normalize': False, 'normalizeScale': 1, 'removeOutliers': None, 'resampledPixelSpacing': None, 'interpolator': 'sitkBSpline', 'preCrop': False, 'padDistance': 5, 'distances': [1], 'force2D': False, 'force2Ddimension': 0, 'resegmentRange': None, 'label': 1, 'additionalInfo': True}",{'Original': {}},40fac9cbdb57c44eeb2e554be0ec025c5eaec236,3D,"(1.0, 1.0, 1.0)","(240, 240, 155)",69.18715882616488,0.0,993.0,62e18597104d45151f25ae0b17dd79cdc92904f8,"(1.0, 1.0, 1.0)","(240, 240, 155)","(99, 48, 58, 61, 83, 65)",91102,22,"(130.15551799082348, 92.35955302847358, 87.6442449122961)","(130.15551799082348, -146.64044697152642, 87.6442449122961)",0.7563908175691498,0.5729322319015553,41.50238984423229,72.43856696015574,65.14598989960932,86.02325267042627,82.21921916437786,87.20665112249179,91133.66666666667,54.79186688652981,0.22923175468136403,42723.016450493946,0.46879510079144493,91102.0,285.0,405.0,11035370177.0,2.9696443274123805,66.0,3.1574339997476395,651.0,38.00683121076337,344.7995543456785,346.0,0.0,651.0,27.18470994650541,348.0402703421075,-0.16227955785410508,11035370177.0,0.14719668365298505,2245.297102828769,203.20474985910803,468.6032944924627,-10.688547919008593,12.90133737740782,1.5925852492874606,0.780693372899973,0.8380857386701722,1.693559400634645,0.8756645691682442,0.671405919337627,0.6488538933422467,0.997847191147629,0.9709490394708197,-0.2662438026449675,0.8843775859556342,0.45894970264245644,14.155463397546486,0.04193241294481413,5.126085857823609,0.8138712288773292,0.08246312293946945,28.31092679509297,3.8547452248857663,3.623480656673821,7.179708157521626,4883.107396105464,0.05360044122088938,28.454016539713642,13409.912274154245,3.669434924918832,208.4921516541898,130.69603301793595,25121.730236438278,0.728973166800538,0.005239965070536149,0.042499241041909566,9.93600589853847,0.00022578624734602188,8666.865794150413,0.14641256303670144,3.7819389661423655,213.9770494357063,3.5938490917781922,716.8384569246932,0.019511161005389206,0.005141391134014942,4.390449326893306,30775.461511127018,0.5158122658286557,0.6495584830528081,1.173470455711285,0.7443210077278677,162.01253429656754,0.0037873159865917452,280.1281473130402,0.10527175772756114,8.36179135454272,245.41300263059,372128.93348365277,77722729.04697482,1837.0770438770714,0.005624202868991326,793.7230364524614,0.2982799836348972,0.5636270506148242,140.86682683866343,0.003108033066151007,6.018702373750566,0.02920901846282189,370956.829684726,12.697781596557085,0.00015308022016865,160.18174331659557,0.007342236016831444,0.057205134082381925,LGG_3,t1ce
v3.0.1,1.24.4,2.4.1,1.4.1,3.8.20,"{'minimumROIDimensions': 2, 'minimumROISize': None, 'normalize': False, 'normalizeScale': 1, 'removeOutliers': None, 'resampledPixelSpacing': None, 'interpolator': 'sitkBSpline', 'preCrop': False, 'padDistance': 5, 'distances': [1], 'force2D': False, 'force2Ddimension': 0, 'resegmentRange': None, 'label': 1, 'additionalInfo': True}",{'Original': {}},5c4e7d22ab45af3e19c0d873fb45f1091738d7cc,3D,"(1.0, 1.0, 1.0)","(240, 240, 155)",60.48734173387097,0.0,926.0,62e18597104d45151f25ae0b17dd79cdc92904f8,"(1.0, 1.0, 1.0)","(240, 240, 155)","(99, 48, 58, 61, 83, 65)",91102,22,"(130.15551799082348, 92.35955302847358, 87.6442449122961)","(130.15551799082348, -146.64044697152642, 87.6442449122961)",0.7563908175691498,0.5729322319015553,41.50238984423229,72.43856696015574,65.14598989960932,86.02325267042627,82.21921916437786,87.20665112249179,91133.66666666667,54.79186688652981,0.22923175468136403,42723.016450493946,0.46879510079144493,91102.0,535.0,723.0,38064119167.0,3.654231797767152,91.0,4.226398429590958,926.0,60.41749507135331,641.4615156637615,646.0,0.0,926.0,39.25453437452366,646.3889692410763,-0.08474501035850678,38064119167.0,0.09986649262407167,6345.823478890883,705.5038157520607,5663.678760135665,15.88624449577138,37.97939956622643,1.2503480114215042,0.9361896966597432,0.6944776465560791,1.5319020706135293,0.7502729084823454,0.7158976808177127,0.6999964068216081,0.9991446672497707,0.9825292870386585,-0.4553156448561623,0.9795728850753339,0.4290802772724894,26.38788779266992,0.036871150430169475,5.5968681411844114,0.9463841856813959,0.08226422511751526,52.77577558533984,4.574362257049847,9.807436894411982,8.012225153321907,4413.498584004742,0.04844568268539375,34.215379227052715,9098.037211038178,10.234109716645658,695.4791771860113,169.67603345700422,119339.59875743672,0.25052509787542887,0.0015849248775490425,0.02896216331511809,18.644279349548302,7.30125680488039e-05,4755.37862423236,0.08821844140927498,12.12556594837681,691.9668781233457,4.8222687631158685,3382.884648475982,0.007311854462708433,0.0016459914107958807,5.396371606452542,25256.034154230612,0.46205374607809807,0.5908170554391274,1.8279711262633866,0.7029857257028523,485.1798496845216,0.001194713949007978,90.44864148442677,0.05993945757748626,24.8393544191006,585.7349237905898,489803.9456593771,342715268.0901259,713.3655999437319,0.003699388999092597,434.58780649436716,0.28799722100355674,0.5543587931395559,310.8249520296553,0.002085816325764421,6.786140251299908,0.01656385150710193,486159.1151048206,2.3515719737222867,0.00029370070758811417,296.8645765990638,0.006369810942947381,0.3280321377987322,LGG_3,t2
